a param, b param, c param, d param
0.17467008438086054, 3.2237984506125503, 2.224790597667039, 1.8906775733050594
error 5.31221436290721e-05 
